answer_id,question_id,kind,condition,repeat,noul,same_meaning,expected_same_meaning,idea,idea_probability,idea_confidence,expected_idea
q3_mass-correct,q3_mass,correct,without_none,1,0.95,match,True,correct,1.0,1.0,correct
q6_filter-variant,q6_filter,variant,with_none,1,0.95,match,True,correct,1.0,1.0,correct
q5_evaporate-variant,q5_evaporate,variant,with_none,1,0.94,match,True,correct,1.0,1.0,correct
q5_evaporate-irrelevant,q5_evaporate,irrelevant,without_none,1,0.02,mismatch,False,M_nothing,0.5,0.24,
q6_filter-negation,q6_filter,negation,with_none,1,0.89,match,True,correct,1.0,1.0,correct
q4_particles-negation,q4_particles,negation,without_none,1,0.61,uncertain,True,correct,1.0,1.0,correct
q2_uniform-correct,q2_uniform,correct,without_none,1,0.98,match,True,correct,1.0,1.0,correct
q5_evaporate-negation,q5_evaporate,negation,without_none,1,0.94,match,True,correct,1.0,1.0,correct
q5_evaporate-correct,q5_evaporate,correct,with_none,1,0.94,match,True,correct,1.0,1.0,correct
q2_uniform-wrong,q2_uniform,wrong,with_none,1,0.02,mismatch,False,M_bottom,1.0,1.0,M_bottom
q1_fate-wrong,q1_fate,wrong,with_none,1,0.08,mismatch,False,M_vanish,0.99,0.98,M_vanish
q4_particles-wrong,q4_particles,wrong,with_none,1,0.21,uncertain,False,M_atoms,0.96,0.94,M_atoms
q3_mass-irrelevant,q3_mass,irrelevant,without_none,1,0.02,mismatch,False,correct,0.97,0.95,
q2_uniform-variant,q2_uniform,variant,with_none,1,0.96,match,True,correct,1.0,1.0,correct
q6_filter-wrong,q6_filter,wrong,without_none,1,0.02,mismatch,False,M_trap,0.99,0.98,M_trap
q2_uniform-negation,q2_uniform,negation,without_none,1,0.94,match,True,correct,1.0,1.0,correct
q6_filter-variant,q6_filter,variant,without_none,1,0.94,match,True,correct,1.0,1.0,correct
q1_fate-irrelevant,q1_fate,irrelevant,with_none,1,0.04,mismatch,False,none,0.67,0.58,none
q5_evaporate-irrelevant,q5_evaporate,irrelevant,with_none,1,0.02,mismatch,False,none,0.99,0.99,none
q2_uniform-negation,q2_uniform,negation,with_none,1,0.94,match,True,correct,1.0,1.0,correct
q2_uniform-irrelevant,q2_uniform,irrelevant,without_none,1,0.04,mismatch,False,correct,0.99,0.98,
q3_mass-wrong,q3_mass,wrong,with_none,1,0.01,mismatch,False,M_lighter,0.99,0.99,M_lighter
q6_filter-wrong,q6_filter,wrong,with_none,1,0.02,mismatch,False,M_trap,0.99,0.99,M_trap
q6_filter-correct,q6_filter,correct,without_none,1,0.97,match,True,correct,1.0,1.0,correct
q1_fate-variant,q1_fate,variant,with_none,1,0.87,match,True,correct,1.0,1.0,correct
q6_filter-irrelevant,q6_filter,irrelevant,without_none,1,0.02,mismatch,False,correct,0.82,0.73,
q1_fate-negation,q1_fate,negation,with_none,1,0.57,uncertain,True,correct,0.58,0.46,correct
q4_particles-wrong,q4_particles,wrong,without_none,1,0.22,uncertain,False,M_atoms,0.94,0.91,M_atoms
q3_mass-wrong,q3_mass,wrong,without_none,1,0.01,mismatch,False,M_lighter,1.0,0.99,M_lighter
q1_fate-variant,q1_fate,variant,without_none,1,0.89,match,True,correct,1.0,1.0,correct
q5_evaporate-wrong,q5_evaporate,wrong,without_none,1,0.01,mismatch,False,M_nothing,1.0,1.0,M_nothing
q6_filter-irrelevant,q6_filter,irrelevant,with_none,1,0.02,mismatch,False,none,1.0,0.99,none
q1_fate-correct,q1_fate,correct,without_none,1,0.69,uncertain,True,correct,1.0,1.0,correct
q1_fate-wrong,q1_fate,wrong,without_none,1,0.09,mismatch,False,M_vanish,0.99,0.98,M_vanish
q4_particles-variant,q4_particles,variant,with_none,1,0.98,match,True,correct,1.0,1.0,correct
q6_filter-correct,q6_filter,correct,with_none,1,0.96,match,True,correct,1.0,1.0,correct
q4_particles-variant,q4_particles,variant,without_none,1,0.97,match,True,correct,1.0,1.0,correct
q3_mass-negation,q3_mass,negation,with_none,1,0.96,match,True,correct,1.0,1.0,correct
q2_uniform-irrelevant,q2_uniform,irrelevant,with_none,1,0.04,mismatch,False,none,0.74,0.64,none
q2_uniform-variant,q2_uniform,variant,without_none,1,0.96,match,True,correct,1.0,1.0,correct
q3_mass-irrelevant,q3_mass,irrelevant,with_none,1,0.02,mismatch,False,none,0.94,0.92,none
q1_fate-correct,q1_fate,correct,with_none,1,0.68,uncertain,True,correct,1.0,1.0,correct
q5_evaporate-wrong,q5_evaporate,wrong,with_none,1,0.01,mismatch,False,M_nothing,1.0,1.0,M_nothing
q4_particles-irrelevant,q4_particles,irrelevant,without_none,1,0.02,mismatch,False,M_molecule,0.75,0.63,
q4_particles-irrelevant,q4_particles,irrelevant,with_none,1,0.02,mismatch,False,none,0.99,0.99,none
q4_particles-correct,q4_particles,correct,with_none,1,0.96,match,True,correct,1.0,1.0,correct
q2_uniform-wrong,q2_uniform,wrong,without_none,1,0.02,mismatch,False,M_bottom,1.0,1.0,M_bottom
q3_mass-correct,q3_mass,correct,with_none,1,0.95,match,True,correct,1.0,1.0,correct
q4_particles-correct,q4_particles,correct,without_none,1,0.95,match,True,correct,1.0,1.0,correct
q5_evaporate-correct,q5_evaporate,correct,without_none,1,0.94,match,True,correct,1.0,1.0,correct
q1_fate-negation,q1_fate,negation,without_none,1,0.57,uncertain,True,correct,0.67,0.56,correct
q3_mass-variant,q3_mass,variant,with_none,1,0.82,match,True,correct,0.99,0.99,correct
q5_evaporate-negation,q5_evaporate,negation,with_none,1,0.94,match,True,correct,1.0,1.0,correct
q3_mass-negation,q3_mass,negation,without_none,1,0.96,match,True,correct,1.0,1.0,correct
q3_mass-variant,q3_mass,variant,without_none,1,0.84,match,True,correct,1.0,1.0,correct
q4_particles-negation,q4_particles,negation,with_none,1,0.71,uncertain,True,correct,1.0,1.0,correct
q6_filter-negation,q6_filter,negation,without_none,1,0.92,match,True,correct,1.0,1.0,correct
q1_fate-irrelevant,q1_fate,irrelevant,without_none,1,0.04,mismatch,False,correct,0.58,0.44,
q5_evaporate-variant,q5_evaporate,variant,without_none,1,0.94,match,True,correct,1.0,1.0,correct
q2_uniform-correct,q2_uniform,correct,with_none,1,0.98,match,True,correct,1.0,1.0,correct
q4_particles-wrong,q4_particles,wrong,without_none,2,0.24,uncertain,False,M_atoms,0.9,0.85,M_atoms
q5_evaporate-irrelevant,q5_evaporate,irrelevant,without_none,2,0.02,mismatch,False,M_nothing,0.5,0.25,
q4_particles-irrelevant,q4_particles,irrelevant,without_none,2,0.01,mismatch,False,M_molecule,0.75,0.63,
q6_filter-negation,q6_filter,negation,with_none,2,0.9,match,True,correct,1.0,1.0,correct
q4_particles-correct,q4_particles,correct,without_none,2,0.95,match,True,correct,1.0,1.0,correct
q5_evaporate-variant,q5_evaporate,variant,without_none,2,0.95,match,True,correct,1.0,1.0,correct
q2_uniform-irrelevant,q2_uniform,irrelevant,without_none,2,0.04,mismatch,False,correct,0.99,0.98,
q4_particles-variant,q4_particles,variant,without_none,2,0.97,match,True,correct,1.0,1.0,correct
q3_mass-correct,q3_mass,correct,with_none,2,0.95,match,True,correct,1.0,1.0,correct
q2_uniform-variant,q2_uniform,variant,without_none,2,0.96,match,True,correct,1.0,1.0,correct
q2_uniform-negation,q2_uniform,negation,with_none,2,0.94,match,True,correct,1.0,1.0,correct
q6_filter-wrong,q6_filter,wrong,without_none,2,0.02,mismatch,False,M_trap,0.98,0.98,M_trap
q5_evaporate-correct,q5_evaporate,correct,without_none,2,0.94,match,True,correct,1.0,1.0,correct
q3_mass-variant,q3_mass,variant,without_none,2,0.84,match,True,correct,1.0,1.0,correct
q1_fate-wrong,q1_fate,wrong,with_none,2,0.09,mismatch,False,M_vanish,0.98,0.97,M_vanish
q2_uniform-correct,q2_uniform,correct,with_none,2,0.98,match,True,correct,1.0,1.0,correct
q1_fate-variant,q1_fate,variant,without_none,2,0.84,match,True,correct,1.0,1.0,correct
q5_evaporate-wrong,q5_evaporate,wrong,without_none,2,0.01,mismatch,False,M_nothing,1.0,1.0,M_nothing
q3_mass-negation,q3_mass,negation,with_none,2,0.95,match,True,correct,1.0,1.0,correct
q6_filter-variant,q6_filter,variant,without_none,2,0.95,match,True,correct,1.0,1.0,correct
q5_evaporate-wrong,q5_evaporate,wrong,with_none,2,0.01,mismatch,False,M_nothing,1.0,1.0,M_nothing
q6_filter-negation,q6_filter,negation,without_none,2,0.92,match,True,correct,1.0,1.0,correct
q6_filter-variant,q6_filter,variant,with_none,2,0.95,match,True,correct,1.0,1.0,correct
q1_fate-wrong,q1_fate,wrong,without_none,2,0.08,mismatch,False,M_vanish,0.99,0.98,M_vanish
q6_filter-wrong,q6_filter,wrong,with_none,2,0.02,mismatch,False,M_trap,0.99,0.99,M_trap
q3_mass-irrelevant,q3_mass,irrelevant,without_none,2,0.02,mismatch,False,correct,0.97,0.96,
q4_particles-irrelevant,q4_particles,irrelevant,with_none,2,0.02,mismatch,False,none,0.99,0.99,none
q5_evaporate-negation,q5_evaporate,negation,with_none,2,0.93,match,True,correct,1.0,1.0,correct
q6_filter-correct,q6_filter,correct,with_none,2,0.96,match,True,correct,1.0,1.0,correct
q1_fate-correct,q1_fate,correct,without_none,2,0.66,uncertain,True,correct,1.0,1.0,correct
q4_particles-variant,q4_particles,variant,with_none,2,0.98,match,True,correct,1.0,1.0,correct
q1_fate-negation,q1_fate,negation,without_none,2,0.61,uncertain,True,correct,0.7,0.59,correct
q5_evaporate-irrelevant,q5_evaporate,irrelevant,with_none,2,0.02,mismatch,False,none,1.0,0.99,none
q1_fate-irrelevant,q1_fate,irrelevant,with_none,2,0.04,mismatch,False,none,0.66,0.57,none
q1_fate-negation,q1_fate,negation,with_none,2,0.59,uncertain,True,correct,0.6,0.49,correct
q6_filter-irrelevant,q6_filter,irrelevant,without_none,2,0.02,mismatch,False,correct,0.81,0.71,
q3_mass-wrong,q3_mass,wrong,without_none,2,0.01,mismatch,False,M_lighter,1.0,0.99,M_lighter
q2_uniform-correct,q2_uniform,correct,without_none,2,0.98,match,True,correct,1.0,1.0,correct
q3_mass-irrelevant,q3_mass,irrelevant,with_none,2,0.02,mismatch,False,none,0.96,0.94,none
q3_mass-wrong,q3_mass,wrong,with_none,2,0.01,mismatch,False,M_lighter,1.0,0.99,M_lighter
q2_uniform-irrelevant,q2_uniform,irrelevant,with_none,2,0.04,mismatch,False,none,0.75,0.66,none
q5_evaporate-correct,q5_evaporate,correct,with_none,2,0.93,match,True,correct,1.0,1.0,correct
q4_particles-negation,q4_particles,negation,without_none,2,0.66,uncertain,True,correct,1.0,1.0,correct
q3_mass-correct,q3_mass,correct,without_none,2,0.96,match,True,correct,1.0,1.0,correct
q2_uniform-wrong,q2_uniform,wrong,without_none,2,0.02,mismatch,False,M_bottom,1.0,1.0,M_bottom
q2_uniform-negation,q2_uniform,negation,without_none,2,0.95,match,True,correct,1.0,1.0,correct
q6_filter-correct,q6_filter,correct,without_none,2,0.97,match,True,correct,1.0,1.0,correct
q2_uniform-variant,q2_uniform,variant,with_none,2,0.96,match,True,correct,1.0,1.0,correct
q4_particles-negation,q4_particles,negation,with_none,2,0.64,uncertain,True,correct,1.0,1.0,correct
q4_particles-wrong,q4_particles,wrong,with_none,2,0.26,uncertain,False,M_atoms,0.95,0.94,M_atoms
q6_filter-irrelevant,q6_filter,irrelevant,with_none,2,0.02,mismatch,False,none,0.99,0.99,none
q1_fate-variant,q1_fate,variant,with_none,2,0.8,match,True,correct,1.0,1.0,correct
q3_mass-negation,q3_mass,negation,without_none,2,0.96,match,True,correct,1.0,1.0,correct
q5_evaporate-negation,q5_evaporate,negation,without_none,2,0.93,match,True,correct,1.0,1.0,correct
q1_fate-irrelevant,q1_fate,irrelevant,without_none,2,0.04,mismatch,False,correct,0.59,0.45,
q2_uniform-wrong,q2_uniform,wrong,with_none,2,0.02,mismatch,False,M_bottom,1.0,1.0,M_bottom
q5_evaporate-variant,q5_evaporate,variant,with_none,2,0.94,match,True,correct,1.0,1.0,correct
q1_fate-correct,q1_fate,correct,with_none,2,0.66,uncertain,True,correct,1.0,1.0,correct
q3_mass-variant,q3_mass,variant,with_none,2,0.84,match,True,correct,0.99,0.99,correct
q4_particles-correct,q4_particles,correct,with_none,2,0.95,match,True,correct,1.0,1.0,correct
q1_fate-variant,q1_fate,variant,with_none,3,0.85,match,True,correct,1.0,1.0,correct
q5_evaporate-variant,q5_evaporate,variant,without_none,3,0.94,match,True,correct,1.0,1.0,correct
q2_uniform-irrelevant,q2_uniform,irrelevant,with_none,3,0.04,mismatch,False,none,0.72,0.62,none
q2_uniform-irrelevant,q2_uniform,irrelevant,without_none,3,0.04,mismatch,False,correct,0.99,0.98,
q4_particles-negation,q4_particles,negation,without_none,3,0.68,uncertain,True,correct,1.0,1.0,correct
q4_particles-negation,q4_particles,negation,with_none,3,0.67,uncertain,True,correct,1.0,1.0,correct
q6_filter-variant,q6_filter,variant,without_none,3,0.95,match,True,correct,1.0,1.0,correct
q2_uniform-wrong,q2_uniform,wrong,with_none,3,0.02,mismatch,False,M_bottom,1.0,1.0,M_bottom
q1_fate-negation,q1_fate,negation,without_none,3,0.58,uncertain,True,correct,0.58,0.44,correct
q3_mass-correct,q3_mass,correct,without_none,3,0.94,match,True,correct,1.0,1.0,correct
q1_fate-wrong,q1_fate,wrong,with_none,3,0.09,mismatch,False,M_vanish,0.97,0.97,M_vanish
q3_mass-variant,q3_mass,variant,without_none,3,0.81,match,True,correct,1.0,1.0,correct
q5_evaporate-negation,q5_evaporate,negation,with_none,3,0.94,match,True,correct,1.0,1.0,correct
q3_mass-correct,q3_mass,correct,with_none,3,0.95,match,True,correct,1.0,1.0,correct
q5_evaporate-irrelevant,q5_evaporate,irrelevant,with_none,3,0.02,mismatch,False,none,0.99,0.99,none
q5_evaporate-wrong,q5_evaporate,wrong,without_none,3,0.01,mismatch,False,M_nothing,1.0,1.0,M_nothing
q4_particles-irrelevant,q4_particles,irrelevant,with_none,3,0.02,mismatch,False,none,1.0,0.99,none
q6_filter-wrong,q6_filter,wrong,without_none,3,0.02,mismatch,False,M_trap,0.98,0.97,M_trap
q1_fate-irrelevant,q1_fate,irrelevant,with_none,3,0.04,mismatch,False,none,0.71,0.64,none
q2_uniform-variant,q2_uniform,variant,with_none,3,0.96,match,True,correct,1.0,1.0,correct
q2_uniform-correct,q2_uniform,correct,without_none,3,0.98,match,True,correct,1.0,1.0,correct
q4_particles-irrelevant,q4_particles,irrelevant,without_none,3,0.02,mismatch,False,M_molecule,0.75,0.61,
q1_fate-variant,q1_fate,variant,without_none,3,0.88,match,True,correct,1.0,1.0,correct
q2_uniform-negation,q2_uniform,negation,without_none,3,0.94,match,True,correct,1.0,1.0,correct
q5_evaporate-correct,q5_evaporate,correct,without_none,3,0.94,match,True,correct,1.0,1.0,correct
q3_mass-negation,q3_mass,negation,without_none,3,0.96,match,True,correct,1.0,1.0,correct
q6_filter-irrelevant,q6_filter,irrelevant,with_none,3,0.02,mismatch,False,none,1.0,0.99,none
q6_filter-negation,q6_filter,negation,with_none,3,0.91,match,True,correct,1.0,1.0,correct
q6_filter-correct,q6_filter,correct,without_none,3,0.96,match,True,correct,1.0,1.0,correct
q3_mass-irrelevant,q3_mass,irrelevant,with_none,3,0.02,mismatch,False,none,0.95,0.93,none
q1_fate-negation,q1_fate,negation,with_none,3,0.57,uncertain,True,correct,0.51,0.38,correct
q5_evaporate-irrelevant,q5_evaporate,irrelevant,without_none,3,0.02,mismatch,False,M_nothing,0.53,0.3,
q1_fate-correct,q1_fate,correct,with_none,3,0.66,uncertain,True,correct,1.0,1.0,correct
q6_filter-irrelevant,q6_filter,irrelevant,without_none,3,0.02,mismatch,False,correct,0.76,0.65,
q4_particles-wrong,q4_particles,wrong,without_none,3,0.25,uncertain,False,M_atoms,0.93,0.89,M_atoms
q5_evaporate-correct,q5_evaporate,correct,with_none,3,0.94,match,True,correct,1.0,1.0,correct
q1_fate-irrelevant,q1_fate,irrelevant,without_none,3,0.04,mismatch,False,correct,0.55,0.41,
q1_fate-wrong,q1_fate,wrong,without_none,3,0.08,mismatch,False,M_vanish,0.99,0.98,M_vanish
q2_uniform-variant,q2_uniform,variant,without_none,3,0.96,match,True,correct,1.0,1.0,correct
q4_particles-wrong,q4_particles,wrong,with_none,3,0.25,uncertain,False,M_atoms,0.96,0.94,M_atoms
q6_filter-wrong,q6_filter,wrong,with_none,3,0.02,mismatch,False,M_trap,0.99,0.99,M_trap
q2_uniform-negation,q2_uniform,negation,with_none,3,0.94,match,True,correct,1.0,1.0,correct
q2_uniform-wrong,q2_uniform,wrong,without_none,3,0.02,mismatch,False,M_bottom,1.0,1.0,M_bottom
q6_filter-correct,q6_filter,correct,with_none,3,0.96,match,True,correct,1.0,1.0,correct
q3_mass-irrelevant,q3_mass,irrelevant,without_none,3,0.02,mismatch,False,correct,0.97,0.96,
q4_particles-correct,q4_particles,correct,without_none,3,0.96,match,True,correct,1.0,1.0,correct
q6_filter-negation,q6_filter,negation,without_none,3,0.91,match,True,correct,1.0,1.0,correct
q2_uniform-correct,q2_uniform,correct,with_none,3,0.98,match,True,correct,1.0,1.0,correct
q5_evaporate-negation,q5_evaporate,negation,without_none,3,0.94,match,True,correct,1.0,1.0,correct
q4_particles-variant,q4_particles,variant,without_none,3,0.97,match,True,correct,1.0,1.0,correct
q1_fate-correct,q1_fate,correct,without_none,3,0.74,uncertain,True,correct,1.0,1.0,correct
q5_evaporate-variant,q5_evaporate,variant,with_none,3,0.94,match,True,correct,1.0,1.0,correct
q3_mass-negation,q3_mass,negation,with_none,3,0.95,match,True,correct,1.0,1.0,correct
q6_filter-variant,q6_filter,variant,with_none,3,0.94,match,True,correct,1.0,1.0,correct
q3_mass-variant,q3_mass,variant,with_none,3,0.85,match,True,correct,0.99,0.99,correct
q4_particles-variant,q4_particles,variant,with_none,3,0.97,match,True,correct,1.0,1.0,correct
q3_mass-wrong,q3_mass,wrong,with_none,3,0.01,mismatch,False,M_lighter,0.99,0.99,M_lighter
q4_particles-correct,q4_particles,correct,with_none,3,0.96,match,True,correct,1.0,1.0,correct
q5_evaporate-wrong,q5_evaporate,wrong,with_none,3,0.01,mismatch,False,M_nothing,1.0,1.0,M_nothing
q3_mass-wrong,q3_mass,wrong,without_none,3,0.02,mismatch,False,M_lighter,0.99,0.99,M_lighter
